[{"id":1,"name":"Privacy settings","link":"#"},{"id":2,"name":"Privacy/Cookies","link":"https://www.autodesk.com/company/legal-notices-trademarks/privacy-statement"},{"id":3,"name":"About our Ads","link":"https://www.autodesk.com/company/legal-notices-trademarks/privacy-statement#mixpanel"},{"id":4,"name":"Legal Notices & Trademarks","link":"https://www.autodesk.com/company/legal-notices-trademarks"},{"id":5,"name":"Report Noncompliance","link":"https://www.autodesk.com/genuine/report-piracy"},{"id":6,"name":"Site map","link":"https://www.autodesk.com/sitemap"}]